population,bodyId,type,class,subclass,superclass,somaSide,rootSide,side_for_registry,instance
forward_DNp09,10783,DNp09,,xl,descending_neuron,L,,L,DNp09_L
forward_DNp09,11177,DNp09,,xl,descending_neuron,R,,R,DNp09_R
forward_DNp28,519268,DNp28,,xn,descending_neuron,L,,L,DNp28_L
forward_DNp28,14501,DNp28,,xn,descending_neuron,R,,R,DNp28_R
mechanosensory_auditory_JO-B1_b,150421,JO-B1_b,mechanosensory,auditory,cb_sensory,,L,L,JO-B1_b_L
mechanosensory_auditory_JO-B1_b,153859,JO-B1_b,mechanosensory,auditory,cb_sensory,,L,L,JO-B1_b_L
mechanosensory_auditory_JO-B1_b,158576,JO-B1_b,mechanosensory,auditory,cb_sensory,,L,L,JO-B1_b_L
mechanosensory_auditory_JO-B1_b,205974,JO-B1_b,mechanosensory,auditory,cb_sensory,,L,L,JO-B1_b_L
mechanosensory_auditory_JO-B1_b,274169,JO-B1_b,mechanosensory,auditory,cb_sensory,,L,L,JO-B1_b_L
mechanosensory_auditory_JO-B1_b,534437,JO-B1_b,mechanosensory,auditory,cb_sensory,,L,L,JO-B1_b_L
mechanosensory_auditory_JO-B1_b,943463,JO-B1_b,mechanosensory,auditory,cb_sensory,,L,L,JO-B1_b_L
mechanosensory_auditory_JO-B1_b,381870,JO-B1_b,mechanosensory,auditory,cb_sensory,,R,R,JO-B1_b_R
mechanosensory_auditory_JO-B1_b,496138,JO-B1_b,mechanosensory,auditory,cb_sensory,,R,R,JO-B1_b_R
mechanosensory_auditory_JO-B1_b,219898701,JO-B1_b,mechanosensory,wind_gravity,cb_sensory,,R,R,JO-B1_b_R
mechanosensory_auditory_JO-B1_b,450901253,JO-B1_b,mechanosensory,auditory,cb_sensory,,R,R,JO-B1_b_R
mechanosensory_auditory_JO-B1_b,863522732,JO-B1_b,mechanosensory,auditory,cb_sensory,,R,R,JO-B1_b_R
olfactory_ORN_DA1,109974,ORN_DA1,olfactory,,cb_sensory,,L,L,ORN_DA1_L
olfactory_ORN_DA1,116652,ORN_DA1,olfactory,,cb_sensory,,L,L,ORN_DA1_L
olfactory_ORN_DA1,125091,ORN_DA1,olfactory,,cb_sensory,,L,L,ORN_DA1_L
olfactory_ORN_DA1,126313,ORN_DA1,olfactory,,cb_sensory,,L,L,ORN_DA1_L
olfactory_ORN_DA1,142951,ORN_DA1,olfactory,,cb_sensory,,L,L,ORN_DA1_L
olfactory_ORN_DA1,150625,ORN_DA1,olfactory,,cb_sensory,,L,L,ORN_DA1_L
olfactory_ORN_DA1,164459,ORN_DA1,olfactory,,cb_sensory,,L,L,ORN_DA1_L
olfactory_ORN_DA1,167511,ORN_DA1,olfactory,,cb_sensory,,L,L,ORN_DA1_L
olfactory_ORN_DA1,175290,ORN_DA1,olfactory,,cb_sensory,,L,L,ORN_DA1_L
olfactory_ORN_DA1,182463,ORN_DA1,olfactory,,cb_sensory,,L,L,ORN_DA1_L
olfactory_ORN_DA1,182595,ORN_DA1,olfactory,,cb_sensory,,L,L,ORN_DA1_L
olfactory_ORN_DA1,184224,ORN_DA1,olfactory,,cb_sensory,,L,L,ORN_DA1_L
olfactory_ORN_DA1,185437,ORN_DA1,olfactory,,cb_sensory,,L,L,ORN_DA1_L
olfactory_ORN_DA1,186936,ORN_DA1,olfactory,,cb_sensory,,L,L,ORN_DA1_L
olfactory_ORN_DA1,188500,ORN_DA1,olfactory,,cb_sensory,,L,L,ORN_DA1_L
olfactory_ORN_DA1,189443,ORN_DA1,olfactory,,cb_sensory,,L,L,ORN_DA1_L
olfactory_ORN_DA1,195103,ORN_DA1,olfactory,,cb_sensory,,L,L,ORN_DA1_L
olfactory_ORN_DA1,195820,ORN_DA1,olfactory,,cb_sensory,,L,L,ORN_DA1_L
olfactory_ORN_DA1,197993,ORN_DA1,olfactory,,cb_sensory,,L,L,ORN_DA1_L
olfactory_ORN_DA1,200896,ORN_DA1,olfactory,,cb_sensory,,L,L,ORN_DA1_L
olfactory_ORN_DA1,203360,ORN_DA1,olfactory,,cb_sensory,,L,L,ORN_DA1_L
olfactory_ORN_DA1,213507,ORN_DA1,olfactory,,cb_sensory,,L,L,ORN_DA1_L
olfactory_ORN_DA1,214318,ORN_DA1,olfactory,,cb_sensory,,L,L,ORN_DA1_L
olfactory_ORN_DA1,215349,ORN_DA1,olfactory,,cb_sensory,,L,L,ORN_DA1_L
olfactory_ORN_DA1,215878,ORN_DA1,olfactory,,cb_sensory,,L,L,ORN_DA1_L
olfactory_ORN_DA1,220075,ORN_DA1,olfactory,,cb_sensory,,L,L,ORN_DA1_L
olfactory_ORN_DA1,223019,ORN_DA1,olfactory,,cb_sensory,,L,L,ORN_DA1_L
olfactory_ORN_DA1,223769,ORN_DA1,olfactory,,cb_sensory,,L,L,ORN_DA1_L
olfactory_ORN_DA1,225187,ORN_DA1,olfactory,,cb_sensory,,L,L,ORN_DA1_L
olfactory_ORN_DA1,233139,ORN_DA1,olfactory,,cb_sensory,,L,L,ORN_DA1_L
olfactory_ORN_DA1,235027,ORN_DA1,olfactory,,cb_sensory,,L,L,ORN_DA1_L
olfactory_ORN_DA1,237740,ORN_DA1,olfactory,,cb_sensory,,L,L,ORN_DA1_L
olfactory_ORN_DA1,238209,ORN_DA1,olfactory,,cb_sensory,,L,L,ORN_DA1_L
olfactory_ORN_DA1,241901,ORN_DA1,olfactory,,cb_sensory,,L,L,ORN_DA1_L
olfactory_ORN_DA1,242777,ORN_DA1,olfactory,,cb_sensory,,L,L,ORN_DA1_L
olfactory_ORN_DA1,247222,ORN_DA1,olfactory,,cb_sensory,,L,L,ORN_DA1_L
olfactory_ORN_DA1,270796,ORN_DA1,olfactory,,cb_sensory,,L,L,ORN_DA1_L
olfactory_ORN_DA1,302985,ORN_DA1,olfactory,,cb_sensory,,L,L,ORN_DA1_L
olfactory_ORN_DA1,319724,ORN_DA1,olfactory,,cb_sensory,,L,L,ORN_DA1_L
olfactory_ORN_DA1,511819,ORN_DA1,olfactory,,cb_sensory,,L,L,ORN_DA1_L
olfactory_ORN_DA1,550256,ORN_DA1,olfactory,,cb_sensory,,L,L,ORN_DA1_L
olfactory_ORN_DA1,552423,ORN_DA1,olfactory,,cb_sensory,,L,L,ORN_DA1_L
olfactory_ORN_DA1,590508,ORN_DA1,olfactory,,cb_sensory,,L,L,ORN_DA1_L
olfactory_ORN_DA1,918192,ORN_DA1,olfactory,,cb_sensory,,L,L,ORN_DA1_L
olfactory_ORN_DA1,925348,ORN_DA1,olfactory,,cb_sensory,,L,L,ORN_DA1_L
olfactory_ORN_DA1,925533,ORN_DA1,olfactory,,cb_sensory,,L,L,ORN_DA1_L
olfactory_ORN_DA1,925588,ORN_DA1,olfactory,,cb_sensory,,L,L,ORN_DA1_L
olfactory_ORN_DA1,150992197,ORN_DA1,olfactory,,cb_sensory,,L,L,ORN_DA1_L
olfactory_ORN_DA1,415235681,ORN_DA1,olfactory,,cb_sensory,,L,L,ORN_DA1_L
olfactory_ORN_DA1,878712549,ORN_DA1,olfactory,,cb_sensory,,L,L,ORN_DA1_L
olfactory_ORN_DA1,899152449,ORN_DA1,olfactory,,cb_sensory,,L,L,ORN_DA1_L
olfactory_ORN_DA1,89039,ORN_DA1,olfactory,,cb_sensory,,R,R,ORN_DA1_R
olfactory_ORN_DA1,94134,ORN_DA1,olfactory,,cb_sensory,,R,R,ORN_DA1_R
olfactory_ORN_DA1,95547,ORN_DA1,olfactory,,cb_sensory,,R,R,ORN_DA1_R
olfactory_ORN_DA1,102431,ORN_DA1,olfactory,,cb_sensory,,R,R,ORN_DA1_R
olfactory_ORN_DA1,102583,ORN_DA1,olfactory,,cb_sensory,,R,R,ORN_DA1_R
olfactory_ORN_DA1,104594,ORN_DA1,olfactory,,cb_sensory,,R,R,ORN_DA1_R
olfactory_ORN_DA1,107449,ORN_DA1,olfactory,,cb_sensory,,R,R,ORN_DA1_R
olfactory_ORN_DA1,108716,ORN_DA1,olfactory,,cb_sensory,,R,R,ORN_DA1_R
olfactory_ORN_DA1,109414,ORN_DA1,olfactory,,cb_sensory,,R,R,ORN_DA1_R
olfactory_ORN_DA1,118367,ORN_DA1,olfactory,,cb_sensory,,R,R,ORN_DA1_R
olfactory_ORN_DA1,118983,ORN_DA1,olfactory,,cb_sensory,,R,R,ORN_DA1_R
olfactory_ORN_DA1,120209,ORN_DA1,olfactory,,cb_sensory,,R,R,ORN_DA1_R
olfactory_ORN_DA1,122707,ORN_DA1,olfactory,,cb_sensory,,R,R,ORN_DA1_R
olfactory_ORN_DA1,124591,ORN_DA1,olfactory,,cb_sensory,,R,R,ORN_DA1_R
olfactory_ORN_DA1,126030,ORN_DA1,olfactory,,cb_sensory,,R,R,ORN_DA1_R
olfactory_ORN_DA1,128088,ORN_DA1,olfactory,,cb_sensory,,R,R,ORN_DA1_R
olfactory_ORN_DA1,128233,ORN_DA1,olfactory,,cb_sensory,,R,R,ORN_DA1_R
olfactory_ORN_DA1,128752,ORN_DA1,olfactory,,cb_sensory,,R,R,ORN_DA1_R
olfactory_ORN_DA1,128777,ORN_DA1,olfactory,,cb_sensory,,R,R,ORN_DA1_R
olfactory_ORN_DA1,131195,ORN_DA1,olfactory,,cb_sensory,,R,R,ORN_DA1_R
olfactory_ORN_DA1,132497,ORN_DA1,olfactory,,cb_sensory,,R,R,ORN_DA1_R
olfactory_ORN_DA1,132713,ORN_DA1,olfactory,,cb_sensory,,R,R,ORN_DA1_R
olfactory_ORN_DA1,133686,ORN_DA1,olfactory,,cb_sensory,,R,R,ORN_DA1_R
olfactory_ORN_DA1,134658,ORN_DA1,olfactory,,cb_sensory,,R,R,ORN_DA1_R
olfactory_ORN_DA1,135248,ORN_DA1,olfactory,,cb_sensory,,R,R,ORN_DA1_R
olfactory_ORN_DA1,135568,ORN_DA1,olfactory,,cb_sensory,,R,R,ORN_DA1_R
olfactory_ORN_DA1,135594,ORN_DA1,olfactory,,cb_sensory,,R,R,ORN_DA1_R
olfactory_ORN_DA1,140055,ORN_DA1,olfactory,,cb_sensory,,R,R,ORN_DA1_R
olfactory_ORN_DA1,140347,ORN_DA1,olfactory,,cb_sensory,,R,R,ORN_DA1_R
olfactory_ORN_DA1,142731,ORN_DA1,olfactory,,cb_sensory,,R,R,ORN_DA1_R
olfactory_ORN_DA1,143780,ORN_DA1,olfactory,,cb_sensory,,R,R,ORN_DA1_R
olfactory_ORN_DA1,152643,ORN_DA1,olfactory,,cb_sensory,,R,R,ORN_DA1_R
olfactory_ORN_DA1,152946,ORN_DA1,olfactory,,cb_sensory,,R,R,ORN_DA1_R
olfactory_ORN_DA1,153554,ORN_DA1,olfactory,,cb_sensory,,R,R,ORN_DA1_R
olfactory_ORN_DA1,156091,ORN_DA1,olfactory,,cb_sensory,,R,R,ORN_DA1_R
olfactory_ORN_DA1,156551,ORN_DA1,olfactory,,cb_sensory,,R,R,ORN_DA1_R
olfactory_ORN_DA1,157253,ORN_DA1,olfactory,,cb_sensory,,R,R,ORN_DA1_R
olfactory_ORN_DA1,157469,ORN_DA1,olfactory,,cb_sensory,,R,R,ORN_DA1_R
olfactory_ORN_DA1,157794,ORN_DA1,olfactory,,cb_sensory,,R,R,ORN_DA1_R
olfactory_ORN_DA1,158307,ORN_DA1,olfactory,,cb_sensory,,R,R,ORN_DA1_R
olfactory_ORN_DA1,159263,ORN_DA1,olfactory,,cb_sensory,,R,R,ORN_DA1_R
olfactory_ORN_DA1,160731,ORN_DA1,olfactory,,cb_sensory,,R,R,ORN_DA1_R
olfactory_ORN_DA1,164441,ORN_DA1,olfactory,,cb_sensory,,R,R,ORN_DA1_R
olfactory_ORN_DA1,164497,ORN_DA1,olfactory,,cb_sensory,,R,R,ORN_DA1_R
olfactory_ORN_DA1,167377,ORN_DA1,olfactory,,cb_sensory,,R,R,ORN_DA1_R
olfactory_ORN_DA1,167423,ORN_DA1,olfactory,,cb_sensory,,R,R,ORN_DA1_R
olfactory_ORN_DA1,170146,ORN_DA1,olfactory,,cb_sensory,,R,R,ORN_DA1_R
olfactory_ORN_DA1,170904,ORN_DA1,olfactory,,cb_sensory,,R,R,ORN_DA1_R
olfactory_ORN_DA1,172358,ORN_DA1,olfactory,,cb_sensory,,R,R,ORN_DA1_R
olfactory_ORN_DA1,172532,ORN_DA1,olfactory,,cb_sensory,,R,R,ORN_DA1_R
olfactory_ORN_DA1,172598,ORN_DA1,olfactory,,cb_sensory,,R,R,ORN_DA1_R
olfactory_ORN_DA1,178445,ORN_DA1,olfactory,,cb_sensory,,R,R,ORN_DA1_R
olfactory_ORN_DA1,180696,ORN_DA1,olfactory,,cb_sensory,,R,R,ORN_DA1_R
olfactory_ORN_DA1,180838,ORN_DA1,olfactory,,cb_sensory,,R,R,ORN_DA1_R
olfactory_ORN_DA1,181663,ORN_DA1,olfactory,,cb_sensory,,R,R,ORN_DA1_R
olfactory_ORN_DA1,182235,ORN_DA1,olfactory,,cb_sensory,,R,R,ORN_DA1_R
olfactory_ORN_DA1,190290,ORN_DA1,olfactory,,cb_sensory,,R,R,ORN_DA1_R
olfactory_ORN_DA1,192351,ORN_DA1,olfactory,,cb_sensory,,R,R,ORN_DA1_R
olfactory_ORN_DA1,193957,ORN_DA1,olfactory,,cb_sensory,,R,R,ORN_DA1_R
olfactory_ORN_DA1,195752,ORN_DA1,olfactory,,cb_sensory,,R,R,ORN_DA1_R
olfactory_ORN_DA1,196407,ORN_DA1,olfactory,,cb_sensory,,R,R,ORN_DA1_R
olfactory_ORN_DA1,199370,ORN_DA1,olfactory,,cb_sensory,,R,R,ORN_DA1_R
olfactory_ORN_DA1,199823,ORN_DA1,olfactory,,cb_sensory,,R,R,ORN_DA1_R
olfactory_ORN_DA1,204087,ORN_DA1,olfactory,,cb_sensory,,R,R,ORN_DA1_R
olfactory_ORN_DA1,212963,ORN_DA1,olfactory,,cb_sensory,,R,R,ORN_DA1_R
olfactory_ORN_DA1,213204,ORN_DA1,olfactory,,cb_sensory,,R,R,ORN_DA1_R
olfactory_ORN_DA1,214860,ORN_DA1,olfactory,,cb_sensory,,R,R,ORN_DA1_R
olfactory_ORN_DA1,217482,ORN_DA1,olfactory,,cb_sensory,,R,R,ORN_DA1_R
olfactory_ORN_DA1,220167,ORN_DA1,olfactory,,cb_sensory,,R,R,ORN_DA1_R
olfactory_ORN_DA1,227619,ORN_DA1,olfactory,,cb_sensory,,R,R,ORN_DA1_R
olfactory_ORN_DA1,228341,ORN_DA1,olfactory,,cb_sensory,,R,R,ORN_DA1_R
olfactory_ORN_DA1,231844,ORN_DA1,olfactory,,cb_sensory,,R,R,ORN_DA1_R
olfactory_ORN_DA1,235052,ORN_DA1,olfactory,,cb_sensory,,R,R,ORN_DA1_R
olfactory_ORN_DA1,242291,ORN_DA1,olfactory,,cb_sensory,,R,R,ORN_DA1_R
olfactory_ORN_DA1,250964,ORN_DA1,olfactory,,cb_sensory,,R,R,ORN_DA1_R
olfactory_ORN_DA1,253104,ORN_DA1,olfactory,,cb_sensory,,R,R,ORN_DA1_R
olfactory_ORN_DA1,264463,ORN_DA1,olfactory,,cb_sensory,,R,R,ORN_DA1_R
olfactory_ORN_DA1,271638,ORN_DA1,olfactory,,cb_sensory,,R,R,ORN_DA1_R
olfactory_ORN_DA1,284648,ORN_DA1,olfactory,,cb_sensory,,R,R,ORN_DA1_R
olfactory_ORN_DA1,286057,ORN_DA1,olfactory,,cb_sensory,,R,R,ORN_DA1_R
olfactory_ORN_DA1,291638,ORN_DA1,olfactory,,cb_sensory,,R,R,ORN_DA1_R
olfactory_ORN_DA1,303171,ORN_DA1,olfactory,,cb_sensory,,R,R,ORN_DA1_R
olfactory_ORN_DA1,304636,ORN_DA1,olfactory,,cb_sensory,,R,R,ORN_DA1_R
olfactory_ORN_DA1,311545,ORN_DA1,olfactory,,cb_sensory,,R,R,ORN_DA1_R
olfactory_ORN_DA1,327685,ORN_DA1,olfactory,,cb_sensory,,R,R,ORN_DA1_R
olfactory_ORN_DA1,351152,ORN_DA1,olfactory,,cb_sensory,,R,R,ORN_DA1_R
olfactory_ORN_DA1,375923,ORN_DA1,olfactory,,cb_sensory,,R,R,ORN_DA1_R
olfactory_ORN_DA1,435276,ORN_DA1,olfactory,,cb_sensory,,R,R,ORN_DA1_R
olfactory_ORN_DA1,448850,ORN_DA1,olfactory,,cb_sensory,,R,R,ORN_DA1_R
olfactory_ORN_DA1,485099,ORN_DA1,olfactory,,cb_sensory,,R,R,ORN_DA1_R
olfactory_ORN_DA1,486267,ORN_DA1,olfactory,,cb_sensory,,R,R,ORN_DA1_R
olfactory_ORN_DA1,516336,ORN_DA1,olfactory,,cb_sensory,,R,R,ORN_DA1_R
olfactory_ORN_DA1,521553,ORN_DA1,olfactory,,cb_sensory,,R,R,ORN_DA1_R
olfactory_ORN_DA1,567258,ORN_DA1,olfactory,,cb_sensory,,R,R,ORN_DA1_R
olfactory_ORN_DA1,567434,ORN_DA1,olfactory,,cb_sensory,,R,R,ORN_DA1_R
olfactory_ORN_DA1,567436,ORN_DA1,olfactory,,cb_sensory,,R,R,ORN_DA1_R
olfactory_ORN_DA1,569817,ORN_DA1,olfactory,,cb_sensory,,R,R,ORN_DA1_R
olfactory_ORN_DA1,902961,ORN_DA1,olfactory,,cb_sensory,,R,R,ORN_DA1_R
olfactory_ORN_DA1,916607,ORN_DA1,olfactory,,cb_sensory,,R,R,ORN_DA1_R
olfactory_ORN_DA1,917560,ORN_DA1,olfactory,,cb_sensory,,R,R,ORN_DA1_R
olfactory_ORN_DA1,925289,ORN_DA1,olfactory,,cb_sensory,,R,R,ORN_DA1_R
olfactory_ORN_DA1,946556,ORN_DA1,olfactory,,cb_sensory,,R,R,ORN_DA1_R
olfactory_ORN_DA1,956174,ORN_DA1,olfactory,,cb_sensory,,R,R,ORN_DA1_R
olfactory_ORN_DA1,515724975,ORN_DA1,olfactory,,cb_sensory,,R,R,ORN_DA1_R
olfactory_ORN_DA1,866949698,ORN_DA1,olfactory,,cb_sensory,,R,R,ORN_DA1_R
olfactory_ORN_DA1,166304,ORN_DA1,olfactory,,cb_sensory,,unknown,unknown,ORN_DA1_unknown
olfactory_ORN_DA1,169543,ORN_DA1,olfactory,,cb_sensory,,unknown,unknown,ORN_DA1_unknown
olfactory_ORN_DA1,174114,ORN_DA1,olfactory,,cb_sensory,,unknown,unknown,ORN_DA1_unknown
olfactory_ORN_DA1,174172,ORN_DA1,olfactory,,cb_sensory,,unknown,unknown,ORN_DA1_unknown
olfactory_ORN_DA1,191158,ORN_DA1,olfactory,,cb_sensory,,unknown,unknown,ORN_DA1_unknown
olfactory_ORN_DA1,191418,ORN_DA1,olfactory,,cb_sensory,,unknown,unknown,ORN_DA1_unknown
olfactory_ORN_DA1,196554,ORN_DA1,olfactory,,cb_sensory,,unknown,unknown,ORN_DA1_unknown
olfactory_ORN_DA1,202762,ORN_DA1,olfactory,,cb_sensory,,unknown,unknown,ORN_DA1_unknown
olfactory_ORN_DA1,206983,ORN_DA1,olfactory,,cb_sensory,,unknown,unknown,ORN_DA1_unknown
olfactory_ORN_DA1,211534,ORN_DA1,olfactory,,cb_sensory,,unknown,unknown,ORN_DA1_unknown
olfactory_ORN_DA1,211558,ORN_DA1,olfactory,,cb_sensory,,unknown,unknown,ORN_DA1_unknown
olfactory_ORN_DA1,211671,ORN_DA1,olfactory,,cb_sensory,,unknown,unknown,ORN_DA1_unknown
olfactory_ORN_DA1,213331,ORN_DA1,olfactory,,cb_sensory,,unknown,unknown,ORN_DA1_unknown
olfactory_ORN_DA1,214923,ORN_DA1,olfactory,,cb_sensory,,unknown,unknown,ORN_DA1_unknown
olfactory_ORN_DA1,216534,ORN_DA1,olfactory,,cb_sensory,,unknown,unknown,ORN_DA1_unknown
olfactory_ORN_DA1,218440,ORN_DA1,olfactory,,cb_sensory,,unknown,unknown,ORN_DA1_unknown
olfactory_ORN_DA1,218975,ORN_DA1,olfactory,,cb_sensory,,unknown,unknown,ORN_DA1_unknown
olfactory_ORN_DA1,219926,ORN_DA1,olfactory,,cb_sensory,,unknown,unknown,ORN_DA1_unknown
olfactory_ORN_DA1,222879,ORN_DA1,olfactory,,cb_sensory,,unknown,unknown,ORN_DA1_unknown
olfactory_ORN_DA1,222883,ORN_DA1,olfactory,,cb_sensory,,unknown,unknown,ORN_DA1_unknown
olfactory_ORN_DA1,228766,ORN_DA1,olfactory,,cb_sensory,,unknown,unknown,ORN_DA1_unknown
olfactory_ORN_DA1,229791,ORN_DA1,olfactory,,cb_sensory,,unknown,unknown,ORN_DA1_unknown
olfactory_ORN_DA1,233782,ORN_DA1,olfactory,,cb_sensory,,unknown,unknown,ORN_DA1_unknown
olfactory_ORN_DA1,238930,ORN_DA1,olfactory,,cb_sensory,,unknown,unknown,ORN_DA1_unknown
olfactory_ORN_DA1,247534,ORN_DA1,olfactory,,cb_sensory,,unknown,unknown,ORN_DA1_unknown
olfactory_ORN_DA1,248353,ORN_DA1,olfactory,,cb_sensory,,unknown,unknown,ORN_DA1_unknown
olfactory_ORN_DA1,251700,ORN_DA1,olfactory,,cb_sensory,,unknown,unknown,ORN_DA1_unknown
olfactory_ORN_DA1,252274,ORN_DA1,olfactory,,cb_sensory,,unknown,unknown,ORN_DA1_unknown
olfactory_ORN_DA1,253303,ORN_DA1,olfactory,,cb_sensory,,unknown,unknown,ORN_DA1_unknown
olfactory_ORN_DA1,254193,ORN_DA1,olfactory,,cb_sensory,,unknown,unknown,ORN_DA1_unknown
olfactory_ORN_DA1,256925,ORN_DA1,olfactory,,cb_sensory,,unknown,unknown,ORN_DA1_unknown
olfactory_ORN_DA1,257940,ORN_DA1,olfactory,,cb_sensory,,unknown,unknown,ORN_DA1_unknown
olfactory_ORN_DA1,276529,ORN_DA1,olfactory,,cb_sensory,,unknown,unknown,ORN_DA1_unknown
olfactory_ORN_DA1,282217,ORN_DA1,olfactory,,cb_sensory,,unknown,unknown,ORN_DA1_unknown
olfactory_ORN_DA1,288640,ORN_DA1,olfactory,,cb_sensory,,unknown,unknown,ORN_DA1_unknown
olfactory_ORN_DA1,293034,ORN_DA1,olfactory,,cb_sensory,,unknown,unknown,ORN_DA1_unknown
olfactory_ORN_DA1,300909,ORN_DA1,olfactory,,cb_sensory,,unknown,unknown,ORN_DA1_unknown
olfactory_ORN_DA1,311230,ORN_DA1,olfactory,,cb_sensory,,unknown,unknown,ORN_DA1_unknown
olfactory_ORN_DA1,365688,ORN_DA1,olfactory,,cb_sensory,,unknown,unknown,ORN_DA1_unknown
olfactory_ORN_DA1,515011,ORN_DA1,olfactory,,cb_sensory,,unknown,unknown,ORN_DA1_unknown
olfactory_ORN_DA1,916523,ORN_DA1,olfactory,,cb_sensory,,unknown,unknown,ORN_DA1_unknown
olfactory_ORN_DA1,916608,ORN_DA1,olfactory,,cb_sensory,,unknown,unknown,ORN_DA1_unknown
olfactory_ORN_DA1,918525,ORN_DA1,olfactory,,cb_sensory,,unknown,unknown,ORN_DA1_unknown
olfactory_ORN_DA1,920090,ORN_DA1,olfactory,,cb_sensory,,unknown,unknown,ORN_DA1_unknown
olfactory_ORN_DA1,955281,ORN_DA1,olfactory,,cb_sensory,,unknown,unknown,ORN_DA1_unknown
olfactory_ORN_DA1,955878,ORN_DA1,olfactory,,cb_sensory,,unknown,unknown,ORN_DA1_unknown
olfactory_ORN_DA1,956039,ORN_DA1,olfactory,,cb_sensory,,unknown,unknown,ORN_DA1_unknown
olfactory_ORN_DA1,956165,ORN_DA1,olfactory,,cb_sensory,,unknown,unknown,ORN_DA1_unknown
turn_DNa01,10442,DNa01,,xl,descending_neuron,L,,L,DNa01(VES006)_L
turn_DNa01,10760,DNa01,,xl,descending_neuron,R,,R,DNa01(VES006)_R
turn_DNa02,523769,DNa02,,xl,descending_neuron,L,,L,DNa02_L
turn_DNa02,10360,DNa02,,xl,descending_neuron,R,,R,DNa02_R
visual_R8d,16681,R8d,visual,,ol_sensory,,L,L,R8d_L
visual_R8d,18979,R8d,visual,,ol_sensory,L,L,L,R8d_L
visual_R8d,22842,R8d,visual,,ol_sensory,,L,L,R8d_L
visual_R8d,48360,R8d,visual,,ol_sensory,,L,L,R8d_L
visual_R8d,50306,R8d,visual,,ol_sensory,,L,L,R8d_L
visual_R8d,66114,R8d,visual,,ol_sensory,,L,L,R8d_L
visual_R8d,78892,R8d,visual,,ol_sensory,,L,L,R8d_L
visual_R8d,122322,R8d,visual,,ol_sensory,,L,L,R8d_L
visual_R8d,156494,R8d,visual,,ol_sensory,,L,L,R8d_L
visual_R8d,160035,R8d,visual,,ol_sensory,,L,L,R8d_L
visual_R8d,165242,R8d,visual,,ol_sensory,,L,L,R8d_L
visual_R8d,167683,R8d,visual,,ol_sensory,,L,L,R8d_L
visual_R8d,175437,R8d,visual,,ol_sensory,,L,L,R8d_L
visual_R8d,177726,R8d,visual,,ol_sensory,,L,L,R8d_L
visual_R8d,179390,R8d,visual,,ol_sensory,,L,L,R8d_L
visual_R8d,180153,R8d,visual,,ol_sensory,,L,L,R8d_L
visual_R8d,186017,R8d,visual,,ol_sensory,,L,L,R8d_L
visual_R8d,209436,R8d,visual,,ol_sensory,,L,L,R8d_L
visual_R8d,224065,R8d,visual,,ol_sensory,,L,L,R8d_L
visual_R8d,233868,R8d,visual,,ol_sensory,,L,L,R8d_L
visual_R8d,242227,R8d,visual,,ol_sensory,,L,L,R8d_L
visual_R8d,243260,R8d,visual,,ol_sensory,,L,L,R8d_L
visual_R8d,259576,R8d,visual,,ol_sensory,,L,L,R8d_L
visual_R8d,264939,R8d,visual,,ol_sensory,,L,L,R8d_L
visual_R8d,273453,R8d,visual,,ol_sensory,,L,L,R8d_L
visual_R8d,294532,R8d,visual,,ol_sensory,,L,L,R8d_L
visual_R8d,303054,R8d,visual,,ol_sensory,,L,L,R8d_L
visual_R8d,344037,R8d,visual,,ol_sensory,,L,L,R8d_L
visual_R8d,434494,R8d,visual,,ol_sensory,L,L,L,R8d_L
visual_R8d,514178,R8d,visual,,ol_sensory,,L,L,R8d_L
visual_R8d,543525,R8d,visual,,ol_sensory,,L,L,R8d_L
visual_R8d,552083,R8d,visual,,ol_sensory,L,L,L,R8d_L
visual_R8d,552251,R8d,visual,,ol_sensory,,L,L,R8d_L
visual_R8d,570921,R8d,visual,,ol_sensory,,L,L,R8d_L
visual_R8d,574779,R8d,visual,,ol_sensory,L,L,L,R8d_L
visual_R8d,43170,R8d,visual,,ol_sensory,,R,R,R8d_R
visual_R8d,55534,R8d,visual,,ol_sensory,,R,R,R8d_R
visual_R8d,56477,R8d,visual,,ol_sensory,,R,R,R8d_R
visual_R8d,81261,R8d,visual,,ol_sensory,,R,R,R8d_R
visual_R8d,81670,R8d,visual,,ol_sensory,,R,R,R8d_R
visual_R8d,95643,R8d,visual,,ol_sensory,,R,R,R8d_R
visual_R8d,96906,R8d,visual,,ol_sensory,,R,R,R8d_R
visual_R8d,97657,R8d,visual,,ol_sensory,,R,R,R8d_R
visual_R8d,103357,R8d,visual,,ol_sensory,,R,R,R8d_R
visual_R8d,108053,R8d,visual,,ol_sensory,,R,R,R8d_R
visual_R8d,108630,R8d,visual,,ol_sensory,,R,R,R8d_R
visual_R8d,127472,R8d,visual,,ol_sensory,,R,R,R8d_R
visual_R8d,139978,R8d,visual,,ol_sensory,,R,R,R8d_R
visual_R8d,151435,R8d,visual,,ol_sensory,,R,R,R8d_R
visual_R8d,154850,R8d,visual,,ol_sensory,,R,R,R8d_R
visual_R8d,155183,R8d,visual,,ol_sensory,,R,R,R8d_R
visual_R8d,158414,R8d,visual,,ol_sensory,,R,R,R8d_R
visual_R8d,163682,R8d,visual,,ol_sensory,,R,R,R8d_R
visual_R8d,168495,R8d,visual,,ol_sensory,,R,R,R8d_R
visual_R8d,169579,R8d,visual,,ol_sensory,,R,R,R8d_R
visual_R8d,175523,R8d,visual,,ol_sensory,,R,R,R8d_R
visual_R8d,179782,R8d,visual,,ol_sensory,,R,R,R8d_R
visual_R8d,180648,R8d,visual,,ol_sensory,,R,R,R8d_R
visual_R8d,230664,R8d,visual,,ol_sensory,,R,R,R8d_R
visual_R8d,244866,R8d,visual,,ol_sensory,,R,R,R8d_R
visual_R8d,287685,R8d,visual,,ol_sensory,,R,R,R8d_R
visual_R8d,333247,R8d,visual,,ol_sensory,,R,R,R8d_R
visual_R8d,354642,R8d,visual,,ol_sensory,,R,R,R8d_R
visual_R8d,386786,R8d,visual,,ol_sensory,,R,R,R8d_R
visual_R8d,391278,R8d,visual,,ol_sensory,,R,R,R8d_R
visual_R8d,468158,R8d,visual,,ol_sensory,,R,R,R8d_R
visual_R8d,500017,R8d,visual,,ol_sensory,,R,R,R8d_R
visual_R8d,500021,R8d,visual,,ol_sensory,,R,R,R8d_R
visual_R8d,500028,R8d,visual,,ol_sensory,,R,R,R8d_R
visual_R8d,500041,R8d,visual,,ol_sensory,,R,R,R8d_R
visual_R8d,500182,R8d,visual,,ol_sensory,,R,R,R8d_R
visual_R8d,500245,R8d,visual,,ol_sensory,,R,R,R8d_R
visual_R8d,500289,R8d,visual,,ol_sensory,,R,R,R8d_R
visual_R8d,508737,R8d,visual,,ol_sensory,,R,R,R8d_R
visual_R8d,733559283,R8d,visual,,ol_sensory,,R,R,R8d_R
visual_R8d,983968288,R8d,visual,,ol_sensory,,R,R,R8d_R
